Name,Address,Type,Description,Image_URL
DeSoto Town Center,"114 E Belt Line Rd, DeSoto, TX 75115",Cultural,The heart of DeSoto's community life hosting local events and city celebrations throughout the year. A great first stop to get a feel for the town's character and civic pride.,https://www.focusdailynews.com/wp-content/uploads/2018/03/desoto-city-hall-1024x502.jpg
DeSoto Central Market,"1444 N Hampton Rd, DeSoto, TX 75115",Shopping,A beloved local shopping destination that serves the DeSoto community with a wide variety of goods. This spot reflects the diverse and vibrant culture of the city.,https://images.squarespace-cdn.com/content/v1/5f70dad2a465525351396166/1608670059504-90LFVJ522GQYFHEHQBU5/I.5-7a_GrowDeSoto_pj.jpg
Les Zeiger Park,"405 Eagle Dr, DeSoto, TX 75115",Park,One of DeSoto's most beloved green spaces featuring walking trails sports fields and open areas perfect for picnics. A great place to experience the community outdoors.,https://imagescdn.homes.com/i2/2lTJQ4xkircS14a6Bca6lNwnpi5oQMkaGZ4dOchLuBQ/116/les-zeiger-park-desoto-tx.jpg?p=1
DeSoto High School,"600 Eagle Dr, DeSoto, TX 75115",School,Home of the DeSoto Eagles one of the most celebrated high school football programs in Texas. The school is a source of immense community pride and has produced numerous college and NFL athletes.,https://cdnsm5-ss10.sharpschool.com/UserFiles/Servers/Server_165548/Image/Campus/High%20School.jpg
Thorntree Country Club,"7916 Thorntree Dr, Dallas, TX 75232",Recreation,A historic golf course and country club near DeSoto that has been a local institution for decades. The lush greens and mature trees make it one of the most scenic spots in the area.,https://th.bing.com/th/id/R.9dff8e680a44e75310c335627aa0da06?rik=PdZ3l3SMq8u3DA&riu=http%3a%2f%2fthumbor-prod-us-east-1.photo.aws.arc.pub%2fCiXwSmaJREFAH2uZpGdfxflWz7g%3d%2farc-anglerfish-arc2-prod-dmn%2fpublic%2fNEWN56D23NB6BCEZFFAGCBVEYE.JPG&ehk=MM4bPZvbpTvFgR8xEISTIwUc62a0a%2fWMmrSSYOya6Zc%3d&risl=&pid=ImgRaw&r=0
DeSoto Public Library,"211 E Pleasant run, DeSoto, TX 75115",Cultural,The community's hub for learning events and connection. The library regularly hosts programs for all ages and represents DeSoto's commitment to education and community enrichment.,https://cdn7.localdatacdn.com/tx/desoto/8585194/original/kVLajF2Vk6.jpg
2 Neighbors Hot Chicken,"324 E Belt Line Rd, DeSoto, TX 75115",Restaurant,A local favorite serving bold and flavorful hot chicken that keeps regulars coming back week after week. The warm atmosphere and homestyle cooking make it feel like eating at a family member's house.,https://lh5.googleusercontent.com/p/AF1QipP8W1WD8K7bRhkb9Qh3XgQz_GWeTG24aOK9kXu5=s1024
Ernie Roberts Park,"515 E Pleasant Run Rd, DeSoto, TX 75115",Park,A large recreational park featuring playgrounds splash pads and sports facilities. This park is a go-to spot for families and perfectly captures the welcoming community-oriented spirit of DeSoto.,https://imagescdn.homes.com/i2/wqjRIhvCW3eURGQtrhf7tKILRn1y-SxqieY1qzSXJGg/116/ernie-roberts-park-desoto-tx.jpg?p=1
Friendship West,"2020 W Wheatland Rd, Dallas, TX 75115",Worship,One of the cornerstone churches of the DeSoto community with a long history of spiritual leadership and community service. The congregation has been a pillar of the city for generations.,https://s3-media0.fl.yelpcdn.com/bphoto/sOXW4zMVTKUcszrZQ5UCkw/l.jpg
Shells and Tails 2 Geaux,"324 E Belt Line Rd, DeSoto, TX 75115",Restaurant,A popular local seafood spot known for generous portions and fresh flavors that you won't find at a chain restaurant. A Friday night staple for many DeSoto families.,https://s3-media0.fl.yelpcdn.com/bphoto/NeJEtmUvxIeORYEH1NAiJA/348s.jpg
